{"mean": [11.92911310459632, 5.796157403125867, 0.7448060449562821, 0.5371098320030612, 1.8978157704916045, 2.6307992478694278, 3.402799059949904, 0.2637809210765856, 5.632160364011881, 4.72814120540431, 4.797142141568752, 4.718165014923159, 0.42953059632904067, 1.7207051797556103, 0.928549763679361, 0.3972340852796522, 1.0341895596707418, 4.163882207955373, 2.220363953996518, 0.9811625453350314, 0.21151894483855516, 0.8587760829307055, 0.4627067405633676, 0.20089935240265824, 0.23292703212959842, 0.5721019250633516, 0.4039606351238979, 0.1160826903228969, 0.23701177857892702, 0.5655917261871767, 0.400102884165993, 0.11177557521358612, 0.23313789443759486, 0.5703384942775885, 0.3988830052190095, 0.11532539016737967, 0.025084303492321203, 0.12716242025725968, 0.0639558690165658, 0.03152081582666415, 0.022323027576603153, 0.12356212842494799, 0.059501472578072964, 0.031384874132832606, 0.07682777890694549, 0.2794568667237725, 0.16116827581538437, 0.06506685134873466], "std": [3.2011261254114816, 1.6383696453494678, 0.1602794730960306, 0.23890622649803447, 1.1592216123624086, 1.0816300610425447, 0.8931585096971587, 0.12665116096437054, 4.4480751233917815, 1.1775885092859988, 1.2737912019669204, 1.1877880846954338, 0.10934072436597324, 0.36184436769560374, 0.1289619893493391, 0.10458517711313627, 0.23341251449349276, 0.801888602828296, 0.2978752343617705, 0.24841456478614063, 0.04864611535986169, 0.18807186837882553, 0.06613816753066284, 0.058097225111867684, 0.03907827600529374, 0.03650764992999847, 0.03468117652280703, 0.019070951356917068, 0.0379570766234099, 0.030055138184200282, 0.03601542737304062, 0.01913690525805065, 0.03694376484914121, 0.03260037210516134, 0.036255655641414954, 0.017806690323203443, 0.008670499693959435, 0.02563936976719765, 0.00977171478867476, 0.008030430503949252, 0.00625379262802967, 0.04002391211658057, 0.010673181033930609, 0.011126515936982903, 0.02086219995573025, 0.03282923812565102, 0.019513823163435088, 0.013682187946471087], "feature_names": ["NoItems", "NoCustomers", "Rel Volume", "Rel Weight", "Weight Distribution", "Volume Distribution", "Volume Balance", "Fragile Ratio", "Fragile Sequence", "Rel Total Length Items", "Rel Total Width Items", "Rel Total Height Items", "width_height_min", "width_height_max", "width_height_mean", "width_height_std", "length_height_min", "length_height_max", "length_height_mean", "length_height_std", "width_length_min", "width_length_max", "width_length_mean", "width_length_std", "width_W_min", "width_W_max", "width_W_mean", "width_W_std", "length_L_min", "length_L_max", "length_L_mean", "length_L_std", "height_H_min", "height_H_max", "height_H_mean", "height_H_std", "volume_WLH_min", "volume_WLH_max", "volume_WLH_mean", "volume_WLH_std", "height_area_min", "height_area_max", "height_area_mean", "height_area_std", "area_AREA_min", "area_AREA_max", "area_AREA_mean", "area_AREA_std"], "threshold": 0.43800000000000006}