{"mean": [9.966924401620314, 4.861893340956152, 0.6229925236660018, 0.46290699426441073, 1.5177303027328262, 2.075552274213391, 2.9344560613952457, 0.25939319178716874, 4.429722489218799, 3.954052877443477, 4.0041571764431545, 3.9442118842952816, 0.4627031813964779, 1.6294673739432581, 0.9257985479085965, 0.38905768681368946, 1.1160630228964863, 3.943233762227818, 2.2213087694270865, 0.9559870449997293, 0.22747977444420092, 0.815717483821083, 0.46123172712477817, 0.19772656317824008, 0.2446940296054159, 0.5582063680913237, 0.4025575056975877, 0.11483336705604728, 0.24884263554548988, 0.553694627193915, 0.4003883270291388, 0.11115211448718314, 0.2452711848578937, 0.5561234831046598, 0.39842324979900784, 0.11361177450872263, 0.027457285427834655, 0.12017587906226401, 0.0637928788880582, 0.031091544396852973, 0.02493620620674464, 0.11662173243365297, 0.05959588119215877, 0.030767222745492453, 0.08209910417722383, 0.2676643845588437, 0.16072047123777514, 0.06431656551777304], "std": [4.4552473737377065, 2.1673493016861047, 0.25887138000423643, 0.2575875139614165, 1.2128209883891563, 1.353482341340652, 1.1327413289724118, 0.15768225349894896, 4.414556707724798, 1.7154958004101701, 1.792718840393657, 1.7218914735547122, 0.1472055976165032, 0.40621994055882893, 0.15399295463306129, 0.1325632047412062, 0.33913166605861117, 0.9316262902196928, 0.36290413429719603, 0.3192544477291452, 0.0690861844959762, 0.2080299858380407, 0.0793022783892405, 0.06996841358222598, 0.053934779502597036, 0.054294797145067755, 0.04302344993519061, 0.02740122941324137, 0.053178167196369405, 0.048405182287503234, 0.043195496956579656, 0.02690351861641898, 0.0521459320344933, 0.052799161888819265, 0.043579715099953384, 0.02627419604265174, 0.011426941721026823, 0.029881057256341628, 0.01193679077829258, 0.010207555933388368, 0.009634937034614913, 0.041226069481367256, 0.012472584655769905, 0.012941367600693135, 0.026325398081620686, 0.04516984087387784, 0.024069111912336485, 0.018337823443116578], "feature_names": ["NoItems", "NoCustomers", "Rel Volume", "Rel Weight", "Weight Distribution", "Volume Distribution", "Volume Balance", "Fragile Ratio", "Fragile Sequence", "Rel Total Length Items", "Rel Total Width Items", "Rel Total Height Items", "width_height_min", "width_height_max", "width_height_mean", "width_height_std", "length_height_min", "length_height_max", "length_height_mean", "length_height_std", "width_length_min", "width_length_max", "width_length_mean", "width_length_std", "width_W_min", "width_W_max", "width_W_mean", "width_W_std", "length_L_min", "length_L_max", "length_L_mean", "length_L_std", "height_H_min", "height_H_max", "height_H_mean", "height_H_std", "volume_WLH_min", "volume_WLH_max", "volume_WLH_mean", "volume_WLH_std", "height_area_min", "height_area_max", "height_area_mean", "height_area_std", "area_AREA_min", "area_AREA_max", "area_AREA_mean", "area_AREA_std"], "threshold": 0.47000000000000003}