{"mean": [9.973406364519741, 4.865441346283732, 0.6235471975419998, 0.4632249224071171, 1.5190338483329267, 2.0775230764314645, 2.9360157749518025, 0.259268495550235, 4.432581960367364, 3.9570057213572642, 4.007037661607645, 3.9469691621893666, 0.46267066629648146, 1.6294533647871514, 0.9256980639869432, 0.3888677916366545, 1.115925042557863, 3.9432705983821403, 2.2209535380031684, 0.9556709292668175, 0.2274339135656988, 0.8157910944555871, 0.46122035848726023, 0.19770031585224104, 0.24470397531929364, 0.558288211738151, 0.402591361380894, 0.11481025677555716, 0.24882646087791388, 0.553741177940166, 0.40040903579363757, 0.11114001784101712, 0.2452582744711848, 0.5562280583261797, 0.3984906412106877, 0.11362583999223091, 0.02745798542571746, 0.12023697244965786, 0.06381510968398364, 0.031101542498809333, 0.024941716884498522, 0.11662085650198752, 0.05959076237510256, 0.030754418330759425, 0.0821181280892642, 0.26770167021800423, 0.16074132866248536, 0.06429327660033898], "std": [4.450658551695002, 2.1661417748366674, 0.2585471494849798, 0.25763486246847495, 1.211891663981841, 1.3527023839177508, 1.1322574335318554, 0.15760115648315146, 4.411066801568714, 1.713828152259074, 1.7908542347019458, 1.7197871865259486, 0.14717121614260684, 0.4062890749341786, 0.15398892239173706, 0.1323457272929092, 0.3383757583679318, 0.9317970628735452, 0.3622400924517623, 0.3188697602237916, 0.0690316338671892, 0.20797053282976452, 0.07919761267643424, 0.0699580069001164, 0.05393714357960519, 0.05423970113404347, 0.043008900321035805, 0.02737985861000139, 0.0531021743619085, 0.048380457522686666, 0.043137189488663887, 0.02688188265611865, 0.05215950932239874, 0.052624450489177764, 0.0435610937911702, 0.026236747134869766, 0.011439430179472116, 0.029882767773075497, 0.011934277763319387, 0.010212970491559142, 0.009635283100890636, 0.0412297095343099, 0.012479690893183362, 0.012934834100607263, 0.026347841140660466, 0.04516414766611671, 0.024068993260642536, 0.018306262417643437]}