{"mean": [10.929724658660467, 5.313563297236499, 0.6819382435339814, 0.4996941861126195, 1.7024004162221105, 2.34329414531876, 3.1599171241964346, 0.2628870923944968, 5.015299543199353, 4.3319694883395625, 4.392135698541836, 4.321744685930642, 0.4452022586003155, 1.6755979729179653, 0.9269603098609298, 0.39369269098588033, 1.0715760013888005, 4.052085238166831, 2.218670876793232, 0.9696846392244152, 0.21910317343423005, 0.8380548373005691, 0.46219711236944616, 0.19991944768778866, 0.23816022152393546, 0.5654220908591113, 0.40305607537771987, 0.11584824451815223, 0.242078199159702, 0.5597016757202973, 0.39972717089494875, 0.11185623411355311, 0.2384625472226286, 0.5634984843364621, 0.3983132130650919, 0.11491512209122351, 0.026069688018215943, 0.12361315334793792, 0.06370912604449085, 0.03139497294368425, 0.023556194587555798, 0.12001899065569736, 0.059516424776337416, 0.031087185796558173, 0.07906969025990729, 0.2734155776250065, 0.16061895644354693, 0.06480690011175969], "std": [3.991685379502343, 1.9840463618045552, 0.2240899552812175, 0.25100315897709746, 1.1987788313117929, 1.2594843976474235, 1.0514988252241335, 0.1421026703143454, 4.465705419837685, 1.5207610681365185, 1.602308866675537, 1.52682646179277, 0.12539323394096938, 0.3826785207350589, 0.1367730989204499, 0.11717546487611405, 0.2772570854599947, 0.867154841025068, 0.32002714629177825, 0.2802988067986135, 0.058329135352631185, 0.19666091474142267, 0.07094138263911032, 0.06335365181004264, 0.04504006066125358, 0.04468139693589985, 0.03742970378962676, 0.02269357288078261, 0.043593327656209775, 0.039247176435274055, 0.038254880525880774, 0.02257397952659778, 0.04300078719006546, 0.042491010776390836, 0.038725598599392036, 0.021532055946121623, 0.009606852391792799, 0.02758803585200818, 0.010313999471974701, 0.009048913361479904, 0.007770461168467417, 0.040364011994034096, 0.011207752872062634, 0.01183286075991757, 0.02251721004396362, 0.03885296660047502, 0.02062498464092866, 0.015757842534343106]}