{"mean": [12.006430135786246, 5.837587969046576, 0.7483781512954039, 0.5402617506454854, 1.9141937574537875, 2.6522575524731904, 3.422969486083694, 0.2639231349823588, 5.691783715384242, 4.755473110429747, 4.826961483428238, 4.746396067552441, 0.42812452174406257, 1.7235226754227686, 0.9283508068815297, 0.39744417240977414, 1.0300229325478096, 4.1714706147833995, 2.218740154959586, 0.9822877531135128, 0.21092690788631566, 0.8607334978773445, 0.4630190808810349, 0.20124457539629523, 0.23223547963206315, 0.5721641115491314, 0.40354638919816116, 0.1160814892615751, 0.23615136029590697, 0.5655453350854139, 0.3994446694625821, 0.1118031061867711, 0.23255015330705214, 0.5706290942716697, 0.39858396089502085, 0.11536720224981159, 0.024888574942002858, 0.12702234019564895, 0.06370385940065315, 0.031411363331315154, 0.02229265268822357, 0.123879139346519, 0.05958806302345184, 0.03142043772037013, 0.07643270550445319, 0.2792287886309437, 0.16068708843939086, 0.06488665176788551], "std": [3.130533338945472, 1.600413298626239, 0.15704339321870744, 0.23787869705841516, 1.1539348728378858, 1.0675255189410744, 0.8764531272307678, 0.12598666393370042, 4.44730586231881, 1.1530311072890247, 1.2501440303669769, 1.159068782263416, 0.10667448791629484, 0.3608320255109618, 0.12784756606340097, 0.10369213743183084, 0.22493032529472728, 0.7983984402528334, 0.2941328478250562, 0.2458340839339603, 0.04772184201393367, 0.1866198579036349, 0.06553570284535729, 0.05761119065672429, 0.03738651689137805, 0.0365160997672709, 0.03406952708121027, 0.018761907659909326, 0.03589273611977417, 0.0300325887252586, 0.03521290936662307, 0.018741363835127083, 0.035981035582359225, 0.03204837909966439, 0.03588522512601864, 0.017503824551102432, 0.008287613200514202, 0.025598513589220342, 0.009370183008350807, 0.007890089419877509, 0.006232857108236579, 0.03983581513860538, 0.010590078142820146, 0.011064577825934343, 0.020079946501015373, 0.03277215234642399, 0.018732035330335822, 0.01345579825437455]}