{
  "coef": [
    -0.6632988506718513,
    -0.04219767176138801,
    -0.3560457034543871,
    0.13880560405543957,
    -0.17893210279134397,
    -6.035997047186152,
    2.4676258478841926,
    -0.4894956737951964,
    0.6222566378737165,
    0.3723140488453211,
    0.3803936731223618,
    -1.8387840291602817,
    0.2595392218187581,
    -0.48227381274386655,
    -0.7917592705603463,
    0.4818740181199488,
    -0.16796212786678896,
    0.0037155036767260808,
    -1.1535787668317283,
    0.10208248398986554,
    0.09448921456531831,
    -0.1863822925387976,
    -0.8127968963275677,
    0.3941518669139415,
    -0.18683185417471918,
    -0.0423821337278437,
    -0.17622481579897883,
    -0.3196377386564804,
    -0.023521477815127406,
    0.005007561096256682,
    -1.060536783943649,
    -0.29510736191194953,
    0.06919306148135812,
    -0.10761816522577038,
    -0.15711315721477734,
    0.06355012917623047,
    0.017042862880732017,
    0.15120015078761492,
    -1.4762791903314068,
    0.1275157016289201,
    -0.18531822268605044,
    0.054764567271190286,
    -0.47100899704345006,
    0.003684786683770753,
    -0.053241781081642826,
    -0.25108239603274324,
    1.185159551078065,
    -0.3120458834841915
  ],
  "intercept": -2.125560966027712
}