{
  "coef": [
    -0.9882889065666608,
    0.0881870040573115,
    1.9460080709745287,
    0.158966934886135,
    -0.2143397531537159,
    -9.880577826729851,
    4.601981240194624,
    -0.47995661228142816,
    0.6477384754870766,
    0.4549034961301627,
    0.6707441232804365,
    -2.052770166112613,
    0.2023682515322183,
    -0.4738461772262378,
    -0.6704655821165938,
    0.4642023914700308,
    -0.18715516479861238,
    0.002202920276863528,
    -1.1177056100925165,
    0.11494381714324339,
    0.07538721218735699,
    -0.19760350473412322,
    -0.39427874741675617,
    0.35876142083862256,
    -0.17387229077284638,
    -0.022293083547904283,
    -0.9455532179920917,
    -0.2922919337638427,
    -0.08097552773267733,
    0.030479909473384217,
    -1.194382796235431,
    -0.34730835067351035,
    0.022678082897838556,
    -0.06301393780114391,
    -0.04193747760746691,
    -0.008764784626391318,
    -0.05401875468296618,
    0.1569509141276094,
    -1.5891036282748183,
    0.13891574537468337,
    -0.13057923415533246,
    0.04319546680661084,
    -0.16700798998992378,
    -0.09512809975099644,
    -0.07638978119203557,
    -0.1267558078047741,
    1.9259190572093645,
    -0.48776321879885065
  ],
  "intercept": -3.579164669303734
}