{
  "coef": [
    -0.06170578745554283,
    -0.09923722474077953,
    -1.6320305557915056,
    0.1228989374128939,
    -0.15829122918256658,
    -4.847456509938117,
    1.7304725414460038,
    -0.5318447015436916,
    0.6136146913914315,
    0.16622758326508455,
    0.20772947892572916,
    -1.7252062186857366,
    0.29935682824425247,
    -0.4994490585743586,
    -0.7509571529336906,
    0.48737107857785056,
    -0.16617786490553582,
    0.006617035028218463,
    -0.9911709612818816,
    0.03826457675348041,
    0.0775153980280155,
    -0.23856698455049943,
    -0.9765191957267864,
    0.5006796934475276,
    -0.19304262320649063,
    -0.05252571858010496,
    -0.17582582501439553,
    -0.36791684813327596,
    -0.01739613743772001,
    0.013011352756122873,
    -1.3746784603786313,
    -0.31879549063007806,
    0.0877878215733458,
    -0.1210865496164293,
    -0.026068873549498356,
    0.024782494656878234,
    0.022635752341193208,
    0.1916378652082359,
    -1.2915973786624118,
    0.07412030702710783,
    -0.26291198282782324,
    0.0056970586528213765,
    -0.6219403850326456,
    0.12125649188784807,
    -0.02889559445814205,
    -0.3110542897961755,
    1.1234265075127217,
    -0.31617781299700326
  ],
  "intercept": -1.0146291437968826
}