{
  "mean": [
    10.883625042073376,
    5.289565001362376,
    0.679872430567662,
    0.49776672897699614,
    1.6931352511586184,
    2.3312141496020105,
    3.148167625656436,
    0.2629084941592356,
    4.98648643392434,
    4.315690899736178,
    4.374834509055588,
    4.304709410889083,
    0.4463326975202163,
    1.673496834222268,
    0.9271934269708535,
    0.3933642795302745,
    1.074264044679527,
    4.0483534863225445,
    2.2200041935403125,
    0.9690782098008117,
    0.21946202150512323,
    0.836871533903362,
    0.4620331175244024,
    0.19968370322255918,
    0.2386459583833856,
    0.5654049554860897,
    0.4033416663716348,
    0.11582568520959209,
    0.24255889202002892,
    0.5597441272052666,
    0.40014090685067316,
    0.11186011622544655,
    0.2388273200067334,
    0.5633062851947067,
    0.3984568548914052,
    0.11486853184440593,
    0.026174974601834444,
    0.12370699239166211,
    0.06386732151461966,
    0.03146440378928801,
    0.023575829174535712,
    0.11976734712253204,
    0.05945002300306545,
    0.031046910937099697,
    0.07932077868485292,
    0.2735984971643596,
    0.1609362731936934,
    0.06492609034365215
  ],
  "std": [
    4.015550506566491,
    1.9981274443521528,
    0.22495454850869442,
    0.25154709608232123,
    1.202296195434079,
    1.2645719317296833,
    1.0576909030479185,
    0.14255431990964093,
    4.46412675213331,
    1.5279953070404226,
    1.6101280260884878,
    1.5366524166427398,
    0.12692870088600056,
    0.3831041135172478,
    0.13759055963575406,
    0.11756680408855893,
    0.28181985583749697,
    0.8691787603829808,
    0.3227039854412398,
    0.2819993562859828,
    0.05875761823957753,
    0.1973344496466166,
    0.0713013787000328,
    0.06357735000614506,
    0.045949074313596974,
    0.044714659217427274,
    0.03784595243867519,
    0.022882579020449337,
    0.04459361058691743,
    0.03929323134034293,
    0.03873627186414284,
    0.022785816774711268,
    0.04355593951791882,
    0.04276740538529068,
    0.03897007686002742,
    0.021711083309147568,
    0.009816884344796753,
    0.027648323933562764,
    0.01056291624076788,
    0.009123335044066535,
    0.007791159871374152,
    0.04041839100219968,
    0.011262891573122378,
    0.011851727647796413,
    0.02296774414946311,
    0.038984198791266446,
    0.021149785156674754,
    0.01591581685452652
  ],
  "feature_names": [
    "NoItems",
    "NoCustomers",
    "Rel Volume",
    "Rel Weight",
    "Weight Distribution",
    "Volume Distribution",
    "Volume Balance",
    "Fragile Ratio",
    "Fragile Sequence",
    "Rel Total Length Items",
    "Rel Total Width Items",
    "Rel Total Height Items",
    "width_height_min",
    "width_height_max",
    "width_height_mean",
    "width_height_std",
    "length_height_min",
    "length_height_max",
    "length_height_mean",
    "length_height_std",
    "width_length_min",
    "width_length_max",
    "width_length_mean",
    "width_length_std",
    "width_W_min",
    "width_W_max",
    "width_W_mean",
    "width_W_std",
    "length_L_min",
    "length_L_max",
    "length_L_mean",
    "length_L_std",
    "height_H_min",
    "height_H_max",
    "height_H_mean",
    "height_H_std",
    "volume_WLH_min",
    "volume_WLH_max",
    "volume_WLH_mean",
    "volume_WLH_std",
    "height_area_min",
    "height_area_max",
    "height_area_mean",
    "height_area_std",
    "area_AREA_min",
    "area_AREA_max",
    "area_AREA_mean",
    "area_AREA_std"
  ],
  "threshold": 0.65
}